Asset,weights
ABT,0.0470150849687911
BBWI,0.004678051827299895
BWA,0.020840618497644316
DAL,0.029174650499468418
EQR,0.008138207395370396
FIS,0.0570811215958582
FI,0.029524593780481497
GEN,0.002726133238491651
HSIC,0.012149987719248315
LH,0.059068032267549024
LRCX,0.07799675755514156
MKTX,0.12104438130332143
META,0.19237746592125837
NWS,0.039742823356564094
NI,0.0077935416118520935
NCLH,0.08067063314454796
ROP,0.11109655560349645
TSLA,0.020776429939757077
UBER,0.0781049259805648
